<?xml version="1.0"?>
<!DOCTYPE hibernate-mapping PUBLIC "-//Hibernate/Hibernate Mapping DTD 3.0//EN"
"http://www.hibernate.org/dtd/hibernate-mapping-3.0.dtd">
<!-- Generated Mar 15, 2016 9:23:20 PM by Hibernate Tools 3.6.0 -->
<hibernate-mapping>
    <class name="com.main.pojo.TblRegistration" table="tbl_registration" catalog="db_itats">
        <id name="id" type="java.lang.Integer">
            <column name="id" />
            <generator class="identity" />
        </id>
        <property name="txtUserType" type="string">
            <column name="txtUserType" length="5" not-null="true" />
        </property>
        <property name="txtFirstName" type="string">
            <column name="txtFirstName" length="500" />
        </property>
        <property name="txtMobileNumber" type="string">
            <column name="txtMobileNumber" length="500" />
        </property>
        <property name="txtEmailId" type="string">
            <column name="txtEmailId" length="500" />
        </property>
        <property name="txtUserName" type="string">
            <column name="txtUserName" length="500" />
        </property>
        <property name="txtPassword" type="string">
            <column name="txtPassword" length="500" />
        </property>
        <property name="txtEntryDate" type="string">
            <column name="txtEntryDate" length="500" />
        </property>
        <property name="txtIsActive" type="string">
            <column name="txtIsActive" length="500" />
        </property>
    </class>
</hibernate-mapping>
