<?xml version="1.0" encoding="UTF-8"?>
<!DOCTYPE hibernate-configuration PUBLIC "-//Hibernate/Hibernate Configuration DTD 3.0//EN" "http://hibernate.sourceforge.net/hibernate-configuration-3.0.dtd">
<hibernate-configuration>
  <session-factory>
    <property name="hibernate.dialect">org.hibernate.dialect.MySQLDialect</property>
    <property name="hibernate.connection.driver_class">com.mysql.jdbc.Driver</property>
    <property name="hibernate.connection.url">jdbc:mysql://localhost:3306/db_itats</property>
    <property name="hibernate.connection.username">root</property>
    <mapping resource="com/main/pojo/Dataentry.hbm.xml"/>
    <mapping resource="com/main/pojo/Datasearch.hbm.xml"/>
    <mapping resource="com/main/pojo/TblRegistration.hbm.xml"/>
  </session-factory>
</hibernate-configuration>
