<?xml version="1.0"?>
<!DOCTYPE hibernate-mapping PUBLIC "-//Hibernate/Hibernate Mapping DTD 3.0//EN"
"http://www.hibernate.org/dtd/hibernate-mapping-3.0.dtd">
<!-- Generated Mar 15, 2016 9:23:20 PM by Hibernate Tools 3.6.0 -->
<hibernate-mapping>
    <class name="com.main.pojo.Dataentry" table="dataentry" catalog="db_itats">
        <id name="id" type="java.lang.Integer">
            <column name="id" />
            <generator class="identity" />
        </id>
        <property name="category" type="string">
            <column name="category" length="40" not-null="true" />
        </property>
        <property name="type" type="string">
            <column name="type" length="40" not-null="true" />
        </property>
        <property name="nmae" type="string">
            <column name="nmae" length="40" not-null="true" />
        </property>
        <property name="city" type="string">
            <column name="city" length="40" not-null="true" />
        </property>
        <property name="address" type="string">
            <column name="address" length="40" not-null="true" />
        </property>
        <property name="charge" type="string">
            <column name="charge" length="40" not-null="true" />
        </property>
    </class>
</hibernate-mapping>
